Gene,Intron SNV,Position,distance_to_tss,is_promoter,is_enhancer,Ref_allele,Alt_allele,consequence,clinical significance,Histone data,TF data,Upstream(25bp0,downstream(25bp),Positive(1) or negative(0)
chr11,,89177875,,,,,,,,,EZH2 myotube hg19 GABPA MEL cell line mm9,,,
TYR,rs371040611,89178780,905,1,0,A,G,Intron Variant,Likely-Benign,"H3K27me3=46.01, H3K9me3=39.8"," EZH2 =1.49, TCF12 =1.74, FOSL1 =1.15,GABPA =1.23",TTCTTCTCCT CTTGGCAGGT AAGAT,TGCTAGATAT ACGATGTCAG AGTAG,0
TYR,rs2496552201,89191181,13306,0,1,A,G,Intron Variant,Uncertain-Significance,"H3K27me3=46.01, H3K9me3=39.9"," EZH2 =1.49, TCF12 =1.74, FOSL1 =1.15,GABPA =1.23",CTCAGTGGTG GTGACAATTT GTTTA,CATGAGGGTG TTTTGTACAG ATTGT,1
TYR,rs61754371,89191199,13324,0,1,C,G,Intron Variant,Pathogenic,"H3K27me3=46.01, H3K9me3=39.10"," EZH2 =1.49, TCF12 =1.74, FOSL1 =1.15,GABPA =1.23",TTGTTTAACA TGAGGGTGTT TTGTA,AGATTGTCTG TAGCCGATTG GAGGA,1
TYR,rs781052288,89227805,49930,0,1,T,G,Intron Variant,Likely-Pathogenic,"H3K27me3=46.01, H3K9me3=39.11"," EZH2 =1.49, TCF12 =1.74, FOSL1 =1.15,GABPA =1.23",CATTAAAGTA AACATATTTT TTTCA,TTTTTTTTAA TGAACAGGAT TTGCT,1
TYR,rs75375648,89227648,49773,0,1,T,C,Intron Variant,Benign,"H3K27me3=46.01, H3K9me3=39.12"," EZH2 =1.49, TCF12 =1.74, FOSL1 =1.15,GABPA =1.23",GGCCATTTAA TTCCACAAAT ATTTA,TGAATACACA CTGGGTATCC AGAAT,0
TYR,rs61754381,89227816,49941,0,1,T,A,Intron Variant,Pathogenic,"H3K27me3=46.01, H3K9me3=39.13"," EZH2 =1.49, TCF12 =1.74, FOSL1 =1.15,GABPA =1.23",ACATATTTTT TTCATTTTTT TTTAA,GAACAGGATT TGCTAGTCCA CTTAC,1
TYR,rs779929859,89227820,49945,0,1,C,G,Intron Variant,Likely-pathogenic,"H3K27me3=46.01, H3K9me3=39.14"," EZH2 =1.49, TCF12 =1.74, FOSL1 =1.15,GABPA =1.23",ATTTTTTTCA TTTTTTTTTA ATGAA,AGGATTTGCT AGTCCACTTA CTGGG,1
TYR,rs765098311,89284759,106884,0,0,C,A,Intron Variant,Likely-benign,"H3K27me3=46.01, H3K9me3=39.15"," EZH2 =1.49, TCF12 =1.74, FOSL1 =1.15,GABPA =1.23",CAATATGTTT CTTAGTCTGA ATAAC,TTTTCCTCTG CAGTATTTTT GAGCA,0
TYR,rs2496712231,89284962,107087,0,0,T,C,Intron Variant,Likely-benign,"H3K27me3=46.01, H3K9me3=39.16"," EZH2 =1.49, TCF12 =1.74, FOSL1 =1.15,GABPA =1.23",GCTATCTACA AGATTCAGGT AAAGT,TACTTTCTTT CAGAGGAATT GCTGA,0
TYR,rs1238844338,89284966,107091,0,0,T,C,Intron Variant,Likely-benign,"H3K27me3=46.01, H3K9me3=39.17"," EZH2 =1.49, TCF12 =1.74, FOSL1 =1.15,GABPA =1.23",TCTACAAGAT TCAGGTAAAG TTTAC,TTCTTTCAGA GGAATTGCTG AATCT,0
,,,,,,,,,,,,,,
chr5,,33984693,,,,,,,,,EZH2 myotube hg19,,,
SLC45A2,rs1751878619,33944884,39809,0,1,G,A,intron variant,likely-benign,"H3K27me3=112.69, H3K9me3 = 103.46","EZH2 = 29.19, CBX8 =7.21, SUZ12 = 7.21, ESR1 =6.78",GGGGCCTGCTGCCTCTGCAA AGGAA,CACAGAACCACCATTTGACCTACAA,0
SLC45A2,rs374433573,33944885,39808,0,1,C,T,intron variant,likely-benign,"H3K27me3=112.69, H3K9me3 = 103.47","EZH2 = 29.19, CBX8 =7.21, SUZ12 = 7.21, ESR1 =6.79",GGGCCTGCTGCCTCTGCAAAGGAAG,ACAGAACCACCATTTGACCTACAAG,0
SLC45A2,rs778998817,33944890,39803,0,1,A,G,intron variant,likely-benign,"H3K27me3=112.69, H3K9me3 = 103.48","EZH2 = 29.19, CBX8 =7.21, SUZ12 = 7.21, ESR1 =6.80",TGCTGCCTCTGCAAAGGAAGCACAG,ACCACCATTTGACCTACAAGGAACT,0
SLC45A2,rs765728530,33947380,37313,0,1,G,A,intron variant,likely-benign,"H3K27me3=112.69, H3K9me3 = 103.49","EZH2 = 29.19, CBX8 =7.21, SUZ12 = 7.21, ESR1 =6.81",TACCAAAACTTTCTGAAAGTCTGTG,GAAGAAGAGAGGGAGAAATTACAGC,0
SLC45A2,rs2478776192,33947383,37310,0,1,A,G,intron variant,likely-benign,"H3K27me3=112.69, H3K9me3 = 103.50","EZH2 = 29.19, CBX8 =7.21, SUZ12 = 7.21, ESR1 =6.82",CAAAACTTTCTGAAAGTCTGTGGGA,GAAGAGAGGGAGAAATTACAGCTGG,0
SLC45A2,rs371152353,33947384,37309,0,1,G,A,intron variant,uncertain-significance,"H3K27me3=112.69, H3K9me3 = 103.51","EZH2 = 29.19, CBX8 =7.21, SUZ12 = 7.21, ESR1 =6.83",AAAACTTTCTGAAAGTCTGTGGGAA,AAGAGAGGGAGAAATTACAGCTGGC,1
SLC45A2,rs2478776198,33947386,37307,0,1,A,G,intron variant,likely-benign,"H3K27me3=112.69, H3K9me3 = 103.52","EZH2 = 29.19, CBX8 =7.21, SUZ12 = 7.21, ESR1 =6.84",AACTTTCTGAAAGTCTGTGGGAAGA,GAGAGGGAGAAATTACAGCTGGCAG,0
SLC45A2,rs250416,33947439,37254,0,1,C,A,intron variant,benign,"H3K27me3=112.69, H3K9me3 = 103.53","EZH2 = 29.19, CBX8 =7.21, SUZ12 = 7.21, ESR1 =6.85",CCTCATAACATTTAATAATTTCAGA,AATCCTTTCTTCTGAAGATTCACCT,0
SLC45A2,rs11568736,33951683,33010,0,1,A,G,intron variant,likely-benign,"H3K27me3=112.69, H3K9me3 = 103.54","EZH2 = 29.19, CBX8 =7.21, SUZ12 = 7.21, ESR1 =6.86",GGATCCCCGCGGTACACAATCTGAA,GAGAGATTGGAGGCTGTTGAGGTAC,0
SLC45A2,rs779605677,33951686,33007,0,1,G,C,intron variant,likely-benign,"H3K27me3=112.69, H3K9me3 = 103.55","EZH2 = 29.19, CBX8 =7.21, SUZ12 = 7.21, ESR1 =6.87",TCCCCGCGGTACACAATCTGAAAGA,AGATTGGAGGCTGTTGAGGTACAAA,0
chr9,,21995324,,,,,,,,,,,,
CDKN2A,rs2489260790,21968256,27068,0,1,A,C,intron variant,uncertain-significance,"H3K36me3=82.65,H3K79me2=34.2","E2F4=65.40,MYC=58.94,FOXM1=48.29,THAP1=39.87",AATCGGGGAT GTCTGCAGAG GGCAG,AAGAAAACAG GCGTTAGAAA CCTGA,1
CDKN2A,rs772321849,21968257,27067,0,1,A,T,intron variant,likely-benign,"H3K36me3=82.65,H3K79me2=34.2","E2F4=65.40,MYC=58.94,FOXM1=48.29,THAP1=39.87",ATCGGGGATG TCTGCAGAGG GCAGA,AGAAAACAGG CGTTAGAAAC CTGAG,0
CDKN2A,rs777951032,21968259,27065,0,1,G,A,intron variant,likely-benign,"H3K36me3=82.65,H3K79me2=34.2","E2F4=65.40,MYC=58.94,FOXM1=48.29,THAP1=39.87",CGGGGATGTC TGCAGAGGGC AGAAA,AAAACAGGCG TTAGAAACCT GAGGT,0
CDKN2A,rs1563886124,21968298,27026,0,1,C,A,	intron variant,	Likely-Benign,"H3K36me3=82.65,H3K79me2=34.2","E2F4=65.40,MYC=58.94,FOXM1=48.29,THAP1=39.87",GAAACCTGAG GTCAAAGATG TGTGG,ACATCCCGCC CTCCTCTCTT GCCGT,0
CDKN2A,rs909374291,21968346,26978,0,1,A,C,intron variant,uncertain-significance,"H3K36me3=82.65,H3K79me2=34.2","E2F4=65.40,MYC=58.94,FOXM1=48.29,THAP1=39.87",CGTCCCTACC GGCATTGAAA TACTT,TGGATAAAGT TCTCGCAATG GCTTC,1
CDKN2A,rs1060501266,21968347,26977,0,1,T,C,intron variant,pathogenic,"H3K36me3=82.65,H3K79me2=34.2","E2F4=65.40,MYC=58.94,FOXM1=48.29,THAP1=39.87",GTCCCTACCG GCATTGAAAT ACTTA,GGATAAAGTT CTCGCAATGG CTTCA,1
CDKN2A,rs563204204,21968707,26617,0,1,C,G,"3 prime UTR variant,intron variant",likely-benign,"H3K36me3=82.65,H3K79me2=34.2","E2F4=65.40,MYC=58.94,FOXM1=48.29,THAP1=39.87",CGCCTCAGGC TCTGGCGCTC CTCGG,GGAATCCCGT AGCTTCCCTA CGCAT,0
CDKN2A,rs34011899,21968713,26611,0,1,C,A,"3 prime UTR variant,intron variant",benign,"H3K36me3=82.65,H3K79me2=34.2","E2F4=65.40,MYC=58.94,FOXM1=48.29,THAP1=39.87",AGGCTCTGGC GCTCCTCGGC GGAAT,CCGTAGCTTC CCTACGCATG CCTGC,0
CDKN2A,rs866937105,21970897,24427,0,1,C,A,intron variant,uncertain-significance,"H3K36me3=82.65,H3K79me2=34.2","E2F4=65.40,MYC=58.94,FOXM1=48.29,THAP1=39.87",GGTACAAATT CTCAGATCAT CAGTC,TCACCTGAGG GACCTTCCGC GGCAT,1
CDKN2A,rs1206827598,21970899,24425,0,1,C,T,intron variant,uncertain-significance,"H3K36me3=82.65,H3K79me2=34.2","E2F4=65.40,MYC=58.94,FOXM1=48.29,THAP1=39.87",TACAAATTCT CAGATCATCA GTCCT,ACCTGAGGGA CCTTCCGCGG CATCT,1
,,,,,,,,,,,,,,
chr16,,,,,,,,,,,,,,
MC1R,rs868197501,89918659,7000,0,1,C,T,"intron variant, 2KB upstream variant",uncertain-significance,"H3K36me3 = 46.01, H3K79me2=20.73",GABPA = 1.23,GGGAAGCTCCGGACTCCTAGAGGGG,GGCCAGGTGGGGGCCCTGGTGACCA,1
MC1R,rs553184868,89918755,7096,0,1,G,A,"intron variant, 2KB upstream variant",uncertain-significance,"H3K36me3 = 46.01, H3K79me2=20.74",GABPA = 1.23,AGGGACCCCCTGGGTCCTGCACGCC,CCTGGTGGCAGGCCGGGCCATGGTG,1
MC1R,rs3212379,89918723,7064,0,1,C,T,"intron variant, 2KB upstream variant",benign,"H3K36me3 = 46.01, H3K79me2=20.75",GABPA = 1.23,TGTTTTTTAACGTAAAGGAGATCCG,GGTGTGAGGGACCCCCTGGGTCCTG,0
MC1R,rs886052500,89918751,7092,0,1,C,T,"intron variant, 2KB upstream variant",uncertain-significance,"H3K36me3 = 46.01, H3K79me2=20.76",GABPA = 1.23,TGTGAGGGACCCCCTGGGTCCTGCA,GCCGCCTGGTGGCAGGCCGGGCCAT,1
MC1R,rs932918344,89918692,7033,0,1,C,T,"intron variant, 2KB upstream variant",uncertain-significance,"H3K36me3 = 46.01, H3K79me2=20.77",GABPA = 1.23,TGGGGGCCCTGGTGACCAGGACAGA,TGTGGTGTTTTTTAACGTAAAGGAG,1
MC1R,rs3212359,89918769,7110,0,1,C,T,"intron variant, 2KB upstream variant",benign,"H3K36me3 = 46.01, H3K79me2=20.78",GABPA = 1.23,TCCTGCACGCCGCCTGGTGGCAGGC,GGGCCATGGTGGGTGCTCACGCCCC,0
